products,rating,price,features,battery,connectivity,gps,screen_size,img_url,brand
Amazfit Bip 6,4.5,74.99,"Multisport Tracker, Text Messaging, AI Assistance, GPS, Notifications",340.0,Bluetooth,1.0,1.97,https://m.media-amazon.com/images/I/61UvVTN0IEL.__AC_SX300_SY300_QL70_FMwebp_.jpg,Amazfit
Amazfit Active 2,4.5,75.99,"Multisport Tracker, Text Messaging, AI Assistance, GPS, Notifications",270.0,Bluetooth,1.0,1.32,https://m.media-amazon.com/images/I/71mpuO4LqeL.__AC_SX300_SY300_QL70_FMwebp_.jpg,Amazfit
Amazfit T-Rex 3,4.4,189.99,"Maps, Altitude Assistant, Compass, dual-band GPS, Freediving Certified",14400.0,"Bluetooth, Wi-Fi",1.0,1.5,https://m.media-amazon.com/images/I/71GtgMbKvKL.__AC_SX300_SY300_QL70_FMwebp_.jpg,Amazfit
Amazfit Active 2,4.5,94.99,"Multisport Tracker, Text Messaging, AI Assistance, GPS, Notifications",270.0,Bluetooth,1.0,1.32,https://m.media-amazon.com/images/I/71XpjL4qkPL.__AC_SX300_SY300_QL70_FMwebp_.jpg,Amazfit
Amazfit Active 2,4.5,75.99,"Multisport Tracker, Text Messaging, AI Assistance, GPS, Notifications",270.0,Bluetooth,1.0,1.32,https://m.media-amazon.com/images/I/71XpjL4qkPL.__AC_SX300_SY300_QL70_ML2_.jpg,Amazfit
Amazfit GTR Mini Smart Watch,4.2,99.99,"womens smart watches, fitness watches for men, smart watches, smart watch for iphone compatible, health watches for men, top 10 smart watches, gps watches for men, women smart watches, waterproof watches for women, smartwatch women, watches for women, blood pressure watch men, womens smart watch, smart watch amazfit, smartwatches, smart watch withSee more",8400.0,Bluetooth,1.0,1.28,https://m.media-amazon.com/images/I/615Md3ehEhL.__AC_SX300_SY300_QL70_FMwebp_.jpg,Amazfit
Amazfit Band 7,3.9,39.99,"ALEXA Built-in, Activity Tracker, Always On Display",232.0,Bluetooth,1.0,1.47,https://m.media-amazon.com/images/I/61-PhP53C2L.__AC_SX300_SY300_QL70_FMwebp_.jpg,Amazfit
Amazfit Active Smart Watch 42mm,4.2,71.24,"activity trackers and smartwatches, fitness watches for women, fitness watches for men, fit bitwatches for women, amazfit smart watch, smart watches, smart watch for iphone compatible, fit bitwatches for men, fit bitwatches for women iphone compatible, step tracker watch for women, diabetic watch glucose monitor, health tracker watch, waterproof waSee more",8400.0,Bluetooth,1.0,1.75,https://m.media-amazon.com/images/I/61AoUTyanCL.__AC_SX300_SY300_QL70_ML2_.jpg,Amazfit
Amazfit Balance Smart Watch 46mm,4.5,123.47,"Body Composition Measurement, AI Fitness Coaching, AI Sleep Coaching, Always On Display, Phone Call",8400.0,Bluetooth,1.0,1.5000000000000002,https://m.media-amazon.com/images/I/61ACOwvUwSL.__AC_SX300_SY300_QL70_FMwebp_.jpg,Amazfit
Amazfit Refurbished BIP 3,4.0,42.99,Multisport Tracker,246.0,Bluetooth,1.0,1.69,https://m.media-amazon.com/images/I/61IX7x2YwZL.__AC_SX300_SY300_QL70_ML2_.jpg,Amazfit
Amazfit Active 2,4.2,69.99,GPS,270.0,Bluetooth,1.0,1.32,https://m.media-amazon.com/images/I/71mpuO4LqeL.__AC_SX300_SY300_QL70_FMwebp_.jpg,Amazfit
Amazfit Active 2,4.2,75.99,GPS,270.0,Bluetooth,1.0,1.32,https://m.media-amazon.com/images/I/71mpuO4LqeL.__AC_SX300_SY300_QL70_ML2_.jpg,Amazfit
Amazfit Bip 5,4.2,79.99,"Cycle Tracking, Multisport Tracker, Oxymeter (SpO2), Notifications, Heart Rate Monitor",300.0,Bluetooth,1.0,1.91,https://m.media-amazon.com/images/I/61kCGyZra5L.__AC_SX300_SY300_QL70_FMwebp_.jpg,Amazfit
Amazfit GTR 3,4.2,109.99,"GPS, Heart Rate Monitor, Alarm Clock, Elevation Tracker, Calorie Tracker, Phone call, Music Player, Sleep Monitor, Stress Tracking, Breath MonitorSee more",12600.0,Bluetooth,1.0,1.45,https://m.media-amazon.com/images/I/61UdOn+Xb8L._AC_SY300_SX300_.jpg,Amazfit
Amazfit Balance 2,3.6,299.99,"Body composition, dual-band GPS, 170+ sports modes, offline maps, speaker, mic",12600.0,Bluetooth,1.0,1.5,https://m.media-amazon.com/images/I/51p0LDEeINL._SX300_SY300_QL70_FMwebp_.jpg,Amazfit
Amazfit Refurbished T-Rex 3,4.5,169.99,GPS,700.0,Bluetooth,1.0,1.5,https://m.media-amazon.com/images/I/71GtgMbKvKL.__AC_SX300_SY300_QL70_FMwebp_.jpg,Amazfit
Amazfit Renewed Bip 5,4.2,59.99,Heart Rate Monitor,300.0,Bluetooth,1.0,1.9,https://m.media-amazon.com/images/I/61ueYKWLNqL.__AC_SX300_SY300_QL70_FMwebp_.jpg,Amazfit
Amazfit Renewed Bip 5,4.2,79.99,Heart Rate Monitor,300.0,Bluetooth,1.0,1.9,https://m.media-amazon.com/images/I/61ueYKWLNqL.__AC_SX300_SY300_QL70_FMwebp_.jpg,Amazfit
Amazfit Bip 3,4.2,42.99,"Heart Rate Monitor, Oxymeter (SpO2), Multisport Tracker, Pedometer, Sleep Monitor, Phone Call, Notifications, Music Player, Sedentary Reminder, Alarm Clock, Water Resistance, Do Not Disturb, To-Do List, Weather ForecastSee more",305.0,USB,1.0,1.69,https://m.media-amazon.com/images/I/61r9pDwmNHL.__AC_SX300_SY300_QL70_ML2_.jpg,Amazfit
Amazfit Bip 3,4.2,64.99,"Heart Rate Monitor, Oxymeter (SpO2), Multisport Tracker, Pedometer, Sleep Monitor, Phone Call, Notifications, Music Player, Sedentary Reminder, Alarm Clock, Water Resistance, Do Not Disturb, To-Do List, Weather ForecastSee more",305.0,USB,1.0,1.69,https://m.media-amazon.com/images/I/61r9pDwmNHL.__AC_SX300_SY300_QL70_FMwebp_.jpg,Amazfit
Amazfit GTS 2,4.2,133.49,"Activity Tracker, GPS, Oxymeter (SpO2), Multisport Tracker, Heart Rate Monitor, Water Resistant, Weather Forecast, Alarm Clock, Calorie Tracker, Distance Tracker, Sleep Monitor, Stress Tracking, Notifications, Camera, Music Player, Lightweight, Daily Workout Memory, BluetoothSee more",4200.0,HDMI,1.0,1.55,https://m.media-amazon.com/images/I/61BwIiMDaQL.__AC_SX300_SY300_QL70_ML2_.jpg,Amazfit
Amazfit Bip 3,4.3,39.99,"Heart Rate Monitor, Activity Tracker, Sleep Pedometer",305.0,Bluetooth,1.0,1.69,https://m.media-amazon.com/images/I/613rLz1PHXL.__AC_SX300_SY300_QL70_FMwebp_.jpg,Amazfit
Amazfit T-Rex Ultra Tactical Smart,4.2,355.85,"Mud-resistant, Altitude Assistant, 30m Freediving Support, Ultra-low Temperature Operation",14400.0,GPS,1.0,1.3,https://m.media-amazon.com/images/I/71w6yIZ4i4L.__AC_SX300_SY300_QL70_ML2_.jpg,Amazfit
Amazfit GTS 2,4.2,99.95,"Activity Tracker, GPS, Oxymeter (SpO2), Multisport Tracker, Heart Rate Monitor, Water Resistant, Weather Forecast, Alarm Clock, Calorie Tracker, Distance Tracker, Sleep Monitor, Stress Tracking, Notifications, Camera, Music Player, Lightweight, Daily Workout Memory, BluetoothSee more",4200.0,HDMI,1.0,1.55,https://m.media-amazon.com/images/I/61BwIiMDaQL.__AC_SX300_SY300_QL70_FMwebp_.jpg,Amazfit
Amazfit T-Rex Ultra Tactical Smart,4.2,189.99,"Mud-resistant, Altitude Assistant, 30m Freediving Support, Ultra-low Temperature Operation",14400.0,GPS,1.0,1.3,https://m.media-amazon.com/images/I/71w6yIZ4i4L.__AC_SX300_SY300_QL70_FMwebp_.jpg,Amazfit
Apple Watch Series 10,4.7,309.0,"Cycle Tracking, Activity Tracker, GPS, Voice Control, Heart Rate Monitor",450.0,GPS,1.0,1.8110236220472442,https://m.media-amazon.com/images/I/61bJZx1v8GL.__AC_SY445_SX342_QL70_FMwebp_.jpg,Apple Watch
Apple Watch Ultra 2,4.5,899.0,"Cycle Tracking, Activity Tracker, GPS, Voice Control, Heart Rate Monitor",564.0,"Cellular, GPS",1.0,1.9291338582677167,https://m.media-amazon.com/images/I/81DVYXfRLWL.__AC_SY445_SX342_QL70_ML2_.jpg,Apple Watch
Apple Watch Ultra 2,4.7,764.04,"Cycle Tracking, Activity Tracker, GPS, Voice Control, Heart Rate Monitor",564.0,"Cellular, GPS",1.0,1.9291338582677167,https://m.media-amazon.com/images/I/81vLYHVwqjL.__AC_SY445_SX342_QL70_FMwebp_.jpg,Apple Watch
Apple Watch Ultra 2,4.7,799.0,"Cycle Tracking, Activity Tracker, GPS, Voice Control, Heart Rate Monitor",564.0,Wi-Fi,1.0,1.9291338582677167,https://m.media-amazon.com/images/I/71l2pSLyWRL.__AC_SY445_SX342_QL70_FMwebp_.jpg,Apple Watch
Apple Watch Ultra 2,4.5,799.0,"Cycle Tracking, Activity Tracker, GPS, Voice Control, Heart Rate Monitor",564.0,Wi-Fi,1.0,1.9291338582677167,https://m.media-amazon.com/images/I/711EpHofmlL.__AC_SY445_SX342_QL70_ML2_.jpg,Apple Watch
Apple Watch Series 5,4.1,119.0,"Heart Rate Monitor, GPS, Always On Display, Water Resistant, Music Player, Accelerometer",450.0,Wireless,1.0,1.7322834645669292,https://m.media-amazon.com/images/I/715gjkfjFTL.__AC_SX300_SY300_QL70_FMwebp_.jpg,Apple Watch
Apple Watch Series 7,4.1,145.0,"Activity Tracker, Heart Rate Monitor, Sleep Monitor, Blood Oxygen",450.0,Wireless,1.0,1.9,https://m.media-amazon.com/images/I/51NV+STh2IL._AC_SY300_SX300_.jpg,Apple Watch
Apple Watch Series 6,4.1,127.95,"Time Display, Sleep Monitor, Text Messaging, Oxymeter (SpO2), ECG, Multisport Tracker, Music Player, Phone Call, Daily Workout Memory, Always On Display, GPSSee more",303.8,Wireless,1.0,1.7322834645669292,https://m.media-amazon.com/images/I/71K+hTswAyL._AC_SY300_SX300_.jpg,Apple Watch
Apple Watch Series 7,4.2,152.0,"Activity Tracker, Heart Rate Monitor, Sleep Monitor, Blood Oxygen",450.0,Wireless,1.0,1.9,https://m.media-amazon.com/images/I/51I1QoWjX3L.__AC_SX300_SY300_QL70_FMwebp_.jpg,Apple Watch
Apple Watch Series 8,4.3,229.99,"Activity Tracker, Custom Activity Tracking, GPS, Voice Control, Contactless Payments",308.0,USB,1.0,1.7716535433070868,https://m.media-amazon.com/images/I/71pgnGQ+t1L._AC_SY300_SX300_.jpg,Apple Watch
Apple Watch Series 6,4.2,109.0,"Time Display, Sleep Monitor, Text Messaging, GPS",303.8,Bluetooth,1.0,1.5748031496062993,https://m.media-amazon.com/images/I/81jlYA6kt8L.__AC_SX300_SY300_QL70_FMwebp_.jpg,Apple Watch
Apple Watch Series 6,4.2,109.0,"Time Display, Sleep Monitor, Text Messaging, GPS",303.8,Bluetooth,1.0,1.5748031496062993,https://m.media-amazon.com/images/I/81jlYA6kt8L.__AC_SX300_SY300_QL70_ML2_.jpg,Apple Watch
Apple Watch Ultra 2,4.6,794.95,"Cycle Tracking, Activity Tracker, GPS, Voice Control, Heart Rate Monitor",564.0,Wi-Fi,1.0,1.9291338582677167,https://m.media-amazon.com/images/I/81D7OmeXqoL.__AC_SY445_SX342_QL70_FMwebp_.jpg,Apple Watch
Apple Watch SE,4.3,124.0,"Time Display, GPS, Sleep Monitor, Text Messaging, Voice Call, Phone Call, SOS Button, Wireless Charging, Notifications, Music Player, Multisport Tracker, Heart Rate Monitor, Fall Detection, Contactless Payments, Calendaring, Breath Monitor, Audio Recording, Alarm Clock, Activity Tracker, AccelerometerSee more",304.0,Wireless,1.0,2.0,https://m.media-amazon.com/images/I/51vGsO28t+L._AC_SY300_SX300_.jpg,Apple Watch
Apple Watch SE,4.3,121.0,"Time Display, GPS, Sleep Monitor, Text Messaging, Voice Call, Phone Call, SOS Button, Wireless Charging, Notifications, Music Player, Multisport Tracker, Heart Rate Monitor, Fall Detection, Contactless Payments, Calendaring, Breath Monitor, Audio Recording, Alarm Clock, Activity Tracker, AccelerometerSee more",304.0,Wireless,1.0,2.0,https://m.media-amazon.com/images/I/51vGsO28t+L._AC_SY300_SX300_.jpg,Apple Watch
Apple Watch SE,4.3,127.96,"Time Display, Sleep Monitor, Text Messaging, GPS",304.0,Wireless,1.0,1.8,https://m.media-amazon.com/images/I/61jPZzqIZTL.__AC_SX300_SY300_QL70_FMwebp_.jpg,Apple Watch
Apple Watch Ultra,4.1,420.0,"Activity Tracker, Heart Rate Monitor, Sleep Monitor, GPS, Fall Detection, Distance Tracker, ECG, Oxymeter (SpO2), Cycle Tracking, Body Temperature Monitor, Phone Call, Notification, SOS Button, Elevation Tracker, AccelerometerSee more",900.0,Wireless,1.0,1.0,https://m.media-amazon.com/images/I/810JR81LIsL.__AC_SX300_SY300_QL70_FMwebp_.jpg,Apple Watch
Apple Watch SE 2nd Gen,4.3,139.95,"Activity Tracker, Heart Rate Monitor, Sleep Monitor, GPS, Fall Detection, SOS Button, Phone Call, Notification, Elevation Tracker, Cycle Tracking, AccelerometerSee more",285.0,"Wi-Fi, USB",1.0,1.5748031496062993,https://m.media-amazon.com/images/I/71YdE55GwjL.__AC_SX300_SY300_QL70_FMwebp_.jpg,Apple Watch
Apple Watch Series 9,4.4,273.0,"Cycle Tracking, Activity Tracker, GPS, Voice Control, Heart Rate Monitor",282.0,Wireless,1.0,1.0,https://m.media-amazon.com/images/I/61AgWAxKnlL.__AC_SX300_SY300_QL70_ML2_.jpg,Apple Watch
Apple Watch Series 9,4.4,238.0,"Cycle Tracking, Activity Tracker, GPS, Voice Control, Heart Rate Monitor",282.0,Wireless,1.0,1.0,https://m.media-amazon.com/images/I/61AgWAxKnlL.__AC_SX300_SY300_QL70_ML2_.jpg,Apple Watch
Apple Watch Series 6,4.0,127.99,"Activity Tracker, Daily Workout Memory, Always On Display, Phone Call, Notifications, Music Player",304.0,Wireless,1.0,1.8,https://m.media-amazon.com/images/I/71uN94CB+jL._AC_SY300_SX300_.jpg,Apple Watch
Apple Watch Series 8,4.2,194.99,"Activity Tracker, Heart Rate Monitor, Sleep Monitor, Blood Oxygen",308.0,USB,1.0,1.7716535433070868,https://m.media-amazon.com/images/I/71pgnGQ+t1L._AC_SY300_SX300_.jpg,Apple Watch
Apple Watch SE,4.3,124.0,"Time Display, Sleep Monitor, Text Messaging, GPS",304.0,Wireless,1.0,1.8,https://m.media-amazon.com/images/I/81XIJVqW-2L.__AC_SX300_SY300_QL70_FMwebp_.jpg,Apple Watch
Apple Watch SE,4.3,119.95,"Time Display, Sleep Monitor, Text Messaging, GPS",304.0,Wireless,1.0,1.8,https://m.media-amazon.com/images/I/81XIJVqW-2L.__AC_SX300_SY300_QL70_ML2_.jpg,Apple Watch
Apple Watch Series 9,3.0,259.0,"Cycle Tracking, Activity Tracker, GPS, Voice Control, Heart Rate Monitor",282.0,Wireless,1.0,1.0,https://m.media-amazon.com/images/I/61RKbcXfLgL.__AC_SX300_SY300_QL70_FMwebp_.jpg,Apple Watch
Apple Watch Series 8,4.2,210.0,"Activity Tracker, Heart Rate Monitor, Sleep Monitor, Blood Oxygen",308.0,Wireless,1.0,1.9,https://m.media-amazon.com/images/I/61qAFbL4C-L.__AC_SX300_SY300_QL70_FMwebp_.jpg,Apple Watch
Apple Watch Series 8,4.2,210.0,"Activity Tracker, Heart Rate Monitor, Sleep Monitor, Blood Oxygen",308.0,Wireless,1.0,1.9,https://m.media-amazon.com/images/I/61qAFbL4C-L.__AC_SX300_SY300_QL70_ML2_.jpg,Apple Watch
Apple Watch Series 6,4.0,140.0,GPS,304.0,Wireless,1.0,1.5748031496062993,https://m.media-amazon.com/images/I/71oCSkiDpEL.__AC_SX300_SY300_QL70_ML2_.jpg,Apple Watch
Apple Watch Series 6,4.0,140.0,GPS,304.0,Wireless,1.0,1.5748031496062993,https://m.media-amazon.com/images/I/71oCSkiDpEL.__AC_SX300_SY300_QL70_FMwebp_.jpg,Apple Watch
Apple Watch Series 6,4.0,122.6,GPS,304.0,Wireless,1.0,1.5748031496062993,https://m.media-amazon.com/images/I/71-Zph8eMBL.__AC_SX300_SY300_QL70_ML2_.jpg,Apple Watch
Apple Watch Ultra 2,4.4,514.98,"Cycle Tracking, Activity Tracker, GPS, Voice Control, Heart Rate Monitor",564.0,Wireless,1.0,1.77,https://m.media-amazon.com/images/I/6165pya85SL.__AC_SX300_SY300_QL70_FMwebp_.jpg,Apple Watch
Apple Watch Series 7,4.0,152.0,"Faster charging, Blood, heart, mindfulness and sleep tracking",450.0,Bluetooth,1.0,1.6141732283464567,https://m.media-amazon.com/images/I/71CdiPOxohL.__AC_SX300_SY300_QL70_FMwebp_.jpg,Apple Watch
Apple Watch Series 6,4.2,138.99,"Time Display, Sleep Monitor, Text Messaging, GPS",304.0,Wireless,1.0,2.0,https://m.media-amazon.com/images/I/71VYRjrseFL.__AC_SX300_SY300_QL70_FMwebp_.jpg,Apple Watch
Apple Watch Series 6,4.2,138.99,"Time Display, Sleep Monitor, Text Messaging, GPS",304.0,Wireless,1.0,2.0,https://m.media-amazon.com/images/I/71VYRjrseFL.__AC_SX300_SY300_QL70_ML2_.jpg,Apple Watch
Apple Watch Ultra 2,4.4,514.98,"Cycle Tracking, Activity Tracker, GPS, Voice Control, Heart Rate Monitor",564.0,"Cellular, GPS",1.0,1.9291338582677167,https://m.media-amazon.com/images/I/81DVYXfRLWL.__AC_SX300_SY300_QL70_FMwebp_.jpg,Apple Watch
Apple Watch Ultra 2,4.4,634.97,"Cycle Tracking, Activity Tracker, GPS, Voice Control, Heart Rate Monitor",564.0,"Cellular, GPS",1.0,1.9291338582677167,https://m.media-amazon.com/images/I/81DVYXfRLWL.__AC_SX300_SY300_QL70_FMwebp_.jpg,Apple Watch
Apple Watch SE,4.2,124.95,"Time Display, Text Messaging, GPS, Notifications, Heart Rate Monitor",304.0,Bluetooth,1.0,1.7322834645669292,https://m.media-amazon.com/images/I/51btVMn6JiL.__AC_SX300_SY300_QL70_FMwebp_.jpg,Apple Watch
Apple Watch Series 8,4.0,199.0,"Activity Tracker, Heart Rate Monitor, Sleep Monitor, Blood Oxygen",308.0,USB,1.0,1.6141732283464567,https://m.media-amazon.com/images/I/61qAFbL4C-L.__AC_SX300_SY300_QL70_FMwebp_.jpg,Apple Watch
Apple Watch Series 7,4.2,147.95,"Activity Tracker, Heart Rate Monitor, Sleep Monitor, Blood Oxygen",450.0,Wireless,1.0,1.9,https://m.media-amazon.com/images/I/51lV1SiVkGL.__AC_SX300_SY300_QL70_ML2_.jpg,Apple Watch
Apple Watch Series 7,4.2,147.95,"Activity Tracker, Heart Rate Monitor, Sleep Monitor, Blood Oxygen",450.0,Wireless,1.0,1.9,https://m.media-amazon.com/images/I/51lV1SiVkGL.__AC_SX300_SY300_QL70_FMwebp_.jpg,Apple Watch
Apple Watch SE,4.5,134.99,"Sleep Monitor, Activity Tracker, Voice Control, GPS, Heart Rate Monitor",304.0,USB,1.0,1.5748031496062993,https://m.media-amazon.com/images/I/718YKVvALdL.__AC_SX300_SY300_QL70_ML2_.jpg,Apple Watch
Apple Watch SE,4.5,142.04,"Sleep Monitor, Activity Tracker, Voice Control, GPS, Heart Rate Monitor",304.0,USB,1.0,1.5748031496062993,https://m.media-amazon.com/images/I/718YKVvALdL.__AC_SX300_SY300_QL70_FMwebp_.jpg,Apple Watch
Apple Watch SE,4.7,168.13,"Sleep Monitor, Activity Tracker, Voice Control, GPS, Heart Rate Monitor",304.0,"Bluetooth, USB",1.0,1.5748031496062993,https://m.media-amazon.com/images/I/71LfnkRgZ4L.__AC_SY445_SX342_QL70_FMwebp_.jpg,Apple Watch
Apple Watch Series 8,4.3,193.77,"Activity Tracker, Heart Rate Monitor, Sleep Monitor, Blood Oxygen",308.0,USB,1.0,1.7716535433070868,https://m.media-amazon.com/images/I/71LKSq7g51L.__AC_SX300_SY300_QL70_ML2_.jpg,Apple Watch
Apple Watch Series 8,4.3,199.0,"Activity Tracker, Heart Rate Monitor, Sleep Monitor, Blood Oxygen",308.0,USB,1.0,1.7716535433070868,https://m.media-amazon.com/images/I/71LKSq7g51L.__AC_SX300_SY300_QL70_ML2_.jpg,Apple Watch
Apple Watch Series 8,4.3,219.97,"Activity Tracker, Custom Activity Tracking, Voice Control, GPS, Contactless Payments",282.0,Bluetooth,1.0,1.6141732283464567,https://m.media-amazon.com/images/I/71ulah9iIwL.__AC_SX300_SY300_QL70_FMwebp_.jpg,Apple Watch
Apple Watch Series 8,4.3,219.97,"Activity Tracker, Custom Activity Tracking, GPS, Voice Control, Contactless Payments",282.0,Bluetooth,1.0,1.6141732283464567,https://m.media-amazon.com/images/I/71ulah9iIwL.__AC_SX300_SY300_QL70_FMwebp_.jpg,Apple Watch
Apple Watch SE,4.5,169.95,"Sleep Monitor, Activity Tracker, GPS, Voice Control, Heart Rate Monitor",296.0,USB,1.0,1.7322834645669292,https://m.media-amazon.com/images/I/51Eu7hhm+4L._AC_SY300_SX300_.jpg,Apple Watch
Apple Watch SE,4.2,144.99,GPS+Cell,296.0,USB,1.0,1.5748031496062993,https://m.media-amazon.com/images/I/51eCHChOrML.__AC_SX300_SY300_QL70_FMwebp_.jpg,Apple Watch
Apple Watch SE,4.2,159.97,GPS+Cell,296.0,USB,1.0,1.5748031496062993,https://m.media-amazon.com/images/I/51eCHChOrML.__AC_SX300_SY300_QL70_FMwebp_.jpg,Apple Watch
Apple Watch Series 8,4.2,210.0,"Activity Tracker, Heart Rate Monitor, Sleep Monitor, Blood Oxygen",282.0,Wireless,1.0,1.9,https://m.media-amazon.com/images/I/61qAFbL4C-L.__AC_SX300_SY300_QL70_FMwebp_.jpg,Apple Watch
Apple Watch SE,4.1,136.87,"Sleep Monitor, Activity Tracker, Voice Control, GPS, Heart Rate Monitor",245.0,"Cellular, USB",1.0,1.5748031496062993,https://m.media-amazon.com/images/I/51eCHChOrML.__AC_SX300_SY300_QL70_FMwebp_.jpg,Apple Watch
Apple Watch Series 9,4.7,231.55,"Cycle Tracking, Activity Tracker, GPS, Voice Control, Heart Rate Monitor",282.0,Wi-Fi,1.0,1.7716535433070868,https://m.media-amazon.com/images/I/71OSc6IfGcL.__AC_SY445_SX342_QL70_ML2_.jpg,Apple Watch
Apple Watch Series 9,4.7,231.55,"Cycle Tracking, Activity Tracker, GPS, Voice Control, Heart Rate Monitor",282.0,Wi-Fi,1.0,1.7716535433070868,https://m.media-amazon.com/images/I/71OSc6IfGcL.__AC_SY445_SX342_QL70_FMwebp_.jpg,Apple Watch
Apple Watch Series 10,4.6,269.0,Double tap gesture,450.0,Wireless,1.0,1.0,https://m.media-amazon.com/images/I/515bMBmasSL.__AC_SX300_SY300_QL70_ML2_.jpg,Apple Watch
Apple Watch Series 9,4.4,274.99,"Cycle Tracking, Activity Tracker, Voice Control, GPS, Heart Rate Monitor",282.0,Wi-Fi,1.0,1.6141732283464567,https://m.media-amazon.com/images/I/61t2zfXYy3L.__AC_SX300_SY300_QL70_FMwebp_.jpg,Apple Watch
Apple Watch Series 8,4.4,193.0,"Activity Tracker, Heart Rate Monitor, Sleep Monitor, Blood Oxygen",450.0,Wireless,1.0,1.6,https://m.media-amazon.com/images/I/61UW7DTHLzL.__AC_SX300_SY300_QL70_FMwebp_.jpg,Apple Watch
Apple Watch Series 8,4.4,193.0,"Activity Tracker, Heart Rate Monitor, Sleep Monitor, Blood Oxygen",450.0,Wireless,1.0,1.6,https://m.media-amazon.com/images/I/61UW7DTHLzL.__AC_SX300_SY300_QL70_ML2_.jpg,Apple Watch
Apple Watch Series 7,4.0,162.0,"Accelerometer, Activity Tracker, Alarm Clock, Blood Pressure Monitor, Body Temperature Monitor, Calorie Tracker, Cycle Tracking, Daily Workout Memory, ECG, Fall Detection, GPS, Heart Rate Monitor, Notifications, Oxymeter (SpO2), Phone Call, Sleep Monitor, Text Messaging, Time Display, Voice ControlSee more",450.0,Wireless,1.0,1.77,https://m.media-amazon.com/images/I/619gZYiInWL.__AC_SX300_SY300_QL70_FMwebp_.jpg,Apple Watch
Apple Watch Series 7,4.0,162.0,"Accelerometer, Activity Tracker, Alarm Clock, Blood Pressure Monitor, Body Temperature Monitor, Calorie Tracker, Cycle Tracking, Daily Workout Memory, ECG, Fall Detection, GPS, Heart Rate Monitor, Notifications, Oxymeter (SpO2), Phone Call, Sleep Monitor, Text Messaging, Time Display, Voice ControlSee more",450.0,Wireless,1.0,1.77,https://m.media-amazon.com/images/I/619gZYiInWL.__AC_SX300_SY300_QL70_ML2_.jpg,Apple Watch
Apple Watch Series 9,4.1,237.0,"Cycle Tracking, Activity Tracker, GPS, Voice Control, Heart Rate Monitor",295.0,"Cellular, Wi-Fi",1.0,1.0,https://m.media-amazon.com/images/I/61aFM8URVBL.__AC_SX300_SY300_QL70_ML2_.jpg,Apple Watch
Apple Watch Series 6,4.3,130.0,Activity Tracker,303.8,Wireless,1.0,2.0,https://m.media-amazon.com/images/I/718or3AzwfL.__AC_SX300_SY300_QL70_FMwebp_.jpg,Apple Watch
Apple Watch Series 6,4.3,145.0,GPS,303.8,Wireless,1.0,1.71,https://m.media-amazon.com/images/I/51EjGoSvIAL.__AC_SY300_SX300_QL70_FMwebp_.jpg,Apple Watch
Apple Watch Series 7,4.2,152.0,"Activity Tracker, Heart Rate Monitor, Sleep Monitor, Blood Oxygen",450.0,Wireless,1.0,1.9,https://m.media-amazon.com/images/I/51l0fGq-nhL.__AC_SX300_SY300_QL70_ML2_.jpg,Apple Watch
Apple Watch Series 7,4.2,149.99,"Activity Tracker, Heart Rate Monitor, Sleep Monitor, Blood Oxygen",450.0,Wireless,1.0,1.9,https://m.media-amazon.com/images/I/51l0fGq-nhL.__AC_SX300_SY300_QL70_FMwebp_.jpg,Apple Watch
Apple Watch SE,4.0,134.0,"Time Display, Sleep Monitor, Text Messaging, Multisport Tracker, Music Player, Phone Call, Daily Workout Memory, Email, Heart Rate Monitor, GPSSee more",1800.0,"Cellular, GPS",1.0,1.5748031496062993,https://m.media-amazon.com/images/I/51vGsO28t+L._AC_SY300_SX300_.jpg,Apple Watch
Apple Watch Series 7,4.0,150.0,"Activity Tracker, Heart Rate Monitor, Sleep Monitor, Blood Oxygen",450.0,Wireless,1.0,1.9,https://m.media-amazon.com/images/I/71TBzMjhtwL.__AC_SX300_SY300_QL70_ML2_.jpg,Apple Watch
Apple Watch Series 7,4.0,150.0,"Activity Tracker, Heart Rate Monitor, Sleep Monitor, Blood Oxygen",450.0,Wireless,1.0,1.9,https://m.media-amazon.com/images/I/71TBzMjhtwL.__AC_SX300_SY300_QL70_FMwebp_.jpg,Apple Watch
Apple Watch Series 8,4.1,199.0,Alarm Clock,450.0,"Cellular, Bluetooth",1.0,1.9,https://m.media-amazon.com/images/I/61Ay1v40uaL.__AC_SX300_SY300_QL70_ML2_.jpg,Apple Watch
Apple Watch Series 8,4.1,194.99,Alarm Clock,450.0,"Cellular, Bluetooth",1.0,1.9,https://m.media-amazon.com/images/I/61Ay1v40uaL.__AC_SX300_SY300_QL70_FMwebp_.jpg,Apple Watch
Apple Watch Series 6,4.1,129.0,"Time Display, Sleep Monitor, Text Messaging, GPS",303.8,Wireless,1.0,1.8,https://m.media-amazon.com/images/I/71gq9rhvZCL.__AC_SX300_SY300_QL70_FMwebp_.jpg,Apple Watch
Apple Watch SE,4.3,174.97,"Sleep Monitor, Activity Tracker, Voice Control, GPS, Heart Rate Monitor",304.0,USB,1.0,1.5748031496062993,https://m.media-amazon.com/images/I/51Bm6aQ1ZNL.__AC_SX300_SY300_QL70_FMwebp_.jpg,Apple Watch
Apple Watch Series 8,4.2,195.0,"Activity Tracker, Heart Rate Monitor, Sleep Monitor, Blood Oxygen",450.0,Wireless,1.0,1.9,https://m.media-amazon.com/images/I/71xSYnvg7OL.__AC_SX300_SY300_QL70_ML2_.jpg,Apple Watch
Apple Watch SE,4.2,134.0,"Time Display, Sleep Monitor, Email, Text Messaging, GPS, Notifications, Heart Rate Monitor",304.0,Wireless,1.0,1.71,https://m.media-amazon.com/images/I/51btVMn6JiL.__AC_SX300_SY300_QL70_ML2_.jpg,Apple Watch
Apple Watch SE,4.2,134.0,"Time Display, Sleep Monitor, Email, Text Messaging, GPS, Notifications, Heart Rate Monitor",304.0,Wireless,1.0,1.71,https://m.media-amazon.com/images/I/51btVMn6JiL.__AC_SX300_SY300_QL70_FMwebp_.jpg,Apple Watch
Apple Watch Series SE 44mm,4.4,135.84,"Time Display, Text Messaging, GPS",450.0,Wireless,1.0,2.0,https://m.media-amazon.com/images/I/617IoqCpziL.__AC_SX300_SY300_QL70_FMwebp_.jpg,Apple Watch
Apple Watch Series 6,4.0,140.0,GPS,303.8,Wireless,1.0,1.5748031496062993,https://m.media-amazon.com/images/I/71oCSkiDpEL.__AC_SX300_SY300_QL70_FMwebp_.jpg,Apple Watch
Apple Watch Series 9,5.0,274.99,"Cycle Tracking, Activity Tracker, GPS, Voice Control, Heart Rate Monitor",295.0,"Cellular, Wi-Fi",1.0,1.6141732283464567,https://m.media-amazon.com/images/I/616diPRG1AL.__AC_SX300_SY300_QL70_ML2_.jpg,Apple Watch
Apple Watch SE,4.6,263.49,"Cycle Tracking, Activity Tracker, GPS, Voice Control, Heart Rate Monitor",304.0,Wi-Fi,1.0,1.7322834645669292,https://m.media-amazon.com/images/I/71kFuN2qnuL.__AC_SY445_SX342_QL70_FMwebp_.jpg,Apple Watch
Apple Watch Series 8,3.3,243.0,"Activity Tracker, Heart Rate Monitor, Sleep Monitor, Blood Oxygen",295.0,USB,1.0,1.7716535433070868,https://m.media-amazon.com/images/I/91PuQjKjIeL.__AC_SX300_SY300_QL70_FMwebp_.jpg,Apple Watch
Apple Watch Series 8,3.3,205.0,"Activity Tracker, Heart Rate Monitor, Sleep Monitor, Blood Oxygen",295.0,USB,1.0,1.7716535433070868,https://m.media-amazon.com/images/I/91PuQjKjIeL.__AC_SX300_SY300_QL70_ML2_.jpg,Apple Watch
Apple Watch Series 6,4.2,99.99,GPS,303.8,Wireless,1.0,2.0,https://m.media-amazon.com/images/I/81j79HK4wyL.__AC_SX300_SY300_QL70_ML2_.jpg,Apple Watch
Apple Watch Series 8,4.3,190.0,"Activity Tracker, Heart Rate Monitor, Sleep Monitor, Blood Oxygen",295.0,Wireless,1.0,1.8,https://m.media-amazon.com/images/I/71FeKU41G1L.__AC_SX300_SY300_QL70_FMwebp_.jpg,Apple Watch
Fitbit Versa 4,4.3,139.95,"Activity Tracker, GPS, Sleep Monitor, Stress Tracking, Heart Rate Monitor, Water Resistant, Alaram Clock, Notifications, Phone Call, Text Messaging, BluetoothSee more",3600.0,USB,1.0,1.58,https://m.media-amazon.com/images/I/61OEuoqFqYL.__AC_SX300_SY300_QL70_ML2_.jpg,Fitbit
Fitbit Charge 6,4.2,99.95,"Activity Tracker, Multisport Tracker, GPS, ECG, Contactless Payments, Sleep Monitor",0.25,Wi-Fi,1.0,1.04,https://m.media-amazon.com/images/I/61wn2jfhBkL.__AC_SX300_SY300_QL70_FMwebp_.jpg,Fitbit
Fitbit Inspire 3,4.3,74.95,Heart Rate Monitor,0.3,Bluetooth,1.0,0.76,https://m.media-amazon.com/images/I/51CtR+quteL._AC_SY300_SX300_.jpg,Fitbit
Fitbit Sense 2,4.2,189.95,"Activity Tracker, Stress Tracking, Sleep Monitor, ECG, Heart Rate Monitor, GPS, Notifications, Phone Call, Text Messaging, BluetoothSee more",162.0,Bluetooth,1.0,1.69,https://m.media-amazon.com/images/I/51GeUyZUB9L.__AC_SX300_SY300_QL70_FMwebp_.jpg,Fitbit
Fitbit Versa 2,4.1,97.0,"Time Display, Sleep Monitor, Calendaring, Text Messaging, Alarm Clock, Pedometer, Calorie Tracker, Notifications, Heart Rate MonitorSee more",160.0,"Bluetooth, Wi-Fi",1.0,1.0,https://m.media-amazon.com/images/I/61jAfZvYTzL.__AC_SY300_SX300_QL70_ML2_.jpg,Fitbit
Fitbit Google Ace LTE,3.9,123.45,"Messaging, Calling, Location, Activity Based Games",3600.0,Cellular (4G LTE),1.0,1.6,https://m.media-amazon.com/images/I/71hyEmvSToL.__AC_SX300_SY300_QL70_FMwebp_.jpg,Fitbit
Fitbit Versa Smart Watch,3.2,59.99,"Time Display, Sleep Monitor, Calendaring, Text Messaging, GPS, Notifications, Heart Rate Monitor",145.0,GPS,1.0,50.0,https://m.media-amazon.com/images/I/71-D6C4yBRL.__AC_SX300_SY300_QL70_FMwebp_.jpg,Fitbit
Fitbit Versa Smart Watch,3.2,59.99,"Time Display, Sleep Monitor, Calendaring, Text Messaging, GPS, Notifications, Heart Rate Monitor",145.0,GPS,1.0,50.0,https://m.media-amazon.com/images/I/71-D6C4yBRL.__AC_SX300_SY300_QL70_ML2_.jpg,Fitbit
Fitbit Inspire 3,4.4,74.95,"Calendaring, Sedentary Reminder, Activity Tracker, GPS, Phone Call",110.0,Bluetooth,1.0,0.7,https://m.media-amazon.com/images/I/41DGphQYrNL.__AC_SX300_SY300_QL70_FMwebp_.jpg,Fitbit
Fitbit Versa 2,4.2,149.0,"Heart Rate Monitor, Music Player, Sleep Monitor , Calorie Tracker, Notifications, Calendaring",160.0,Bluetooth,0.0,1.5,https://m.media-amazon.com/images/I/51gId4YzPVL.__AC_SY300_SX300_QL70_FMwebp_.jpg,Fitbit
Fitbit Versa Lite Smartwatch,4.2,129.99,"Time Display, Sleep Monitor, Calendaring, Text Messaging, GPS, Notifications, Heart Rate Monitor",2400.0,GPS,1.0,1.34,https://m.media-amazon.com/images/I/71KKrOTq-6L.__AC_SX300_SY300_QL70_FMwebp_.jpg,Fitbit
Fitbit Versa 4,4.3,179.0,"Activity Tracker, GPS, Phone Call, Notifications",3600.0,Bluetooth,1.0,1.34,https://m.media-amazon.com/images/I/61GToIi6WmL.__AC_SX300_SY300_QL70_FMwebp_.jpg,Fitbit
Fitbit Versa Smart Watch,4.0,97.0,"Time Display, Calendaring, GPS, Notifications, Heart Rate Monitor",145.0,Bluetooth,1.0,3.0,https://m.media-amazon.com/images/I/51oRClVQwBL.__AC_SX300_SY300_QL70_FMwebp_.jpg,Fitbit
Fitbit Sense Advanced Smartwatch with,4.2,187.99,"Time Display, Alarm Clock,GPS,Notifications,Heart Rate Monitor,Sleep Monitor, ECG, Heart Rate Monitor, Stress TrackingSee more",266.0,"Bluetooth, gps",1.0,1.58,https://m.media-amazon.com/images/I/51MUa0WUSKL.__AC_SY300_SX300_QL70_ML2_.jpg,Fitbit
Fitbit Versa Smart Watch,3.5,59.99,Activity Tracker,150.0,Bluetooth,1.0,1.32,https://m.media-amazon.com/images/I/71-hlaoErLL.__AC_SX300_SY300_QL70_FMwebp_.jpg,Fitbit
Fitbit Versa Smart Watch,3.5,59.99,Activity Tracker,150.0,Bluetooth,1.0,1.32,https://m.media-amazon.com/images/I/71-hlaoErLL.__AC_SX300_SY300_QL70_ML2_.jpg,Fitbit
Fitbit Versa 2,4.0,94.99,"Time Display, Sleep Monitor, Calendaring, Text Messaging, Alarm Clock, Pedometer, Calorie Tracker, Notifications, Heart Rate MonitorSee more",165.0,Bluetooth,0.0,1.0,https://m.media-amazon.com/images/I/61OIjFYj07L.__AC_SX300_SY300_QL70_FMwebp_.jpg,Fitbit
Fitbit Versa 2,4.1,84.99,"Time Display, Sleep Monitor, Calendaring, Text Messaging, Alarm Clock, Pedometer, Calorie Tracker, Notifications, Heart Rate MonitorSee more",150.0,Bluetooth,1.0,1.34,https://m.media-amazon.com/images/I/71ASbp6OY8L.__AC_SX300_SY300_QL70_FMwebp_.jpg,Fitbit
Fitbit Versa 2,4.1,94.99,"Time Display, Sleep Monitor, Calendaring, Text Messaging, Alarm Clock, Pedometer, Calorie Tracker, Notifications, Heart Rate MonitorSee more",150.0,Bluetooth,1.0,1.34,https://m.media-amazon.com/images/I/71ASbp6OY8L.__AC_SX300_SY300_QL70_FMwebp_.jpg,Fitbit
Fitbit Versa 2,4.2,149.0,"Heart Rate Monitor, Music Player, Sleep Monitor , Calorie Tracker, Notifications, Calendaring",150.0,Bluetooth,0.0,1.5,https://m.media-amazon.com/images/I/51gId4YzPVL.__AC_SY300_SX300_QL70_ML2_.jpg,Fitbit
Google Pixel Watch 3,4.4,269.99,"Sleep Monitor, Email, Accelerometer, Body Temperature Monitor, ECG, Activity Tracker, Always On Display, Calorie Tracker, Stress Tracking, Contactless Payments, Fall Detection, Heart Rate MonitorSee more",600.0,Wi-Fi,1.0,1.6141732283464567,https://m.media-amazon.com/images/I/61YcesHZutL.__AC_SX300_SY300_QL70_FMwebp_.jpg,Fitbit
Fitbit Versa Smart Watch,4.0,129.99,"Time Display, Calendaring, GPS, Notifications, Heart Rate Monitor",150.0,Bluetooth,1.0,3.0,https://m.media-amazon.com/images/I/51oRClVQwBL.__AC_SX300_SY300_QL70_FMwebp_.jpg,Fitbit
Fitbit Versa 2,4.0,84.99,"Time Display, Sleep Monitor, Calendaring, Text Messaging, Alarm Clock, Pedometer, Calorie Tracker, Notifications, Heart Rate MonitorSee more",165.0,Bluetooth,0.0,1.0,https://m.media-amazon.com/images/I/61OIjFYj07L.__AC_SX300_SY300_QL70_ML2_.jpg,Fitbit
Fitbit Versa 4,4.4,188.99,GPS,160.0,Bluetooth,1.0,1.58,https://m.media-amazon.com/images/I/71gtONQjSwL.__AC_SX300_SY300_QL70_FMwebp_.jpg,Fitbit
Fitbit Sense Advanced Smartwatch with,3.7,114.93,Heart Rate Monitor,266.0,GPS,0.0,1.0,https://m.media-amazon.com/images/I/51Z1E7DdEKL.__AC_SX300_SY300_QL70_FMwebp_.jpg,Fitbit
Fitbit Sense Health & Fitness,4.0,101.99,GPS,3600.0,Bluetooth,1.0,1.4,https://m.media-amazon.com/images/I/61Y62ackRGL.__AC_SX300_SY300_QL70_FMwebp_.jpg,Fitbit
Fitbit Sense Health & Fitness,4.1,168.15,GPS,3600.0,Bluetooth,1.0,1.59,https://m.media-amazon.com/images/I/61JS2obdynL.__AC_SX300_SY300_QL70_FMwebp_.jpg,Fitbit
Fitbit Versa 4,4.3,175.0,Activity Tracker,7000.0,Bluetooth,1.0,1.34,https://m.media-amazon.com/images/I/711swAUsovL.__AC_SX300_SY300_QL70_FMwebp_.jpg,Fitbit
Fitbit Versa Smart Watch,4.2,129.99,Time Display,150.0,"Bluetooth, NFC, GPS",1.0,1.34,https://m.media-amazon.com/images/I/51mTKgRY70L.__AC_SX300_SY300_QL70_FMwebp_.jpg,Fitbit
Fitbit Versa Lite Edition Smart,4.2,129.99,Alcohol-Free,2400.0,GPS,1.0,1.34,https://m.media-amazon.com/images/I/71jb-Kr5JGL.__AC_SX300_SY300_QL70_FMwebp_.jpg,Fitbit
Google Pixel Watch 2,4.2,149.99,"Accelerometer, Activity Tracker, Always On Display, Body Temperature Monitor, Calorie Tracker",300.0,Wi-Fi,1.0,1.6141732283464567,https://m.media-amazon.com/images/I/71nEDjUiHGL.__AC_SX300_SY300_QL70_FMwebp_.jpg,Fitbit
Garmin vívoactive 5,4.4,190.0,"Touchscreen, Bluetooth",4200.0,"Bluetooth, Wi-Fi, USB",1.0,1.2,https://m.media-amazon.com/images/I/61A4yOWzGBL.__AC_SX300_SY300_QL70_FMwebp_.jpg,Garmin
Garmin Forerunner 55,4.6,169.0,Bluetooth,8400.0,Bluetooth,1.0,1.04,https://m.media-amazon.com/images/I/518z0My1ZlS.__AC_SX300_SY300_QL70_FMwebp_.jpg,Garmin
Garmin Venu 3S Soft Gold,4.4,399.99,"Workout Benefit and Recovery Time; Morning Report; Wrist-Based Heart Rate; Stress Tracking; Animated On-Screen Workouts, Body Battery™ Energy Monitoring; Sleep Coach; Built-In Sports Apps; Built-in Speaker and Microphone; Activity TrackingSee more",4.0,Wireless,1.0,1.2,https://m.media-amazon.com/images/I/61-afMHE3IL.__AC_SX300_SY300_QL70_FMwebp_.jpg,Garmin
Garmin Instinct 2,4.5,239.0,"Recovery Time; MTB Dynamics; Wrist-Based Heart Rate; Stress Tracking; Sleep Score and Advanced Sleep Monitoring; Body Battery™ Energy Monitoring; Pulse Ox; Fitness Age; Intensity Minutes, Multi-GNSS Support; ABC Sensors; Tracback® Routing; Smart Notifications; Connect IQ™ Store; Safety and Tracking Features; Built-in Sports Apps; HIIT Workouts; VO2 Max; Daily Workout SuggestionsSee more",100000.0,"Bluetooth, USB",1.0,1.27,https://m.media-amazon.com/images/I/610sI+grqwL._AC_SY300_SX300_.jpg,Garmin
Garmin DriveSmart 55,4.2,209.95,"Touchscreen, Bluetooth, Text-to-Speech, Lane Assist",300.0,"Bluetooth, USB",1.0,5.5,https://m.media-amazon.com/images/I/617JrfR878L.__AC_SY300_SX300_QL70_ML2_.jpg,Garmin
Garmin Instinct 2X Solar,4.6,239.0,Bluetooth,16800.0,"Bluetooth, USB",1.0,1.27,https://m.media-amazon.com/images/I/71nqWqCFTkL.__AC_SX300_SY300_QL70_ML2_.jpg,Garmin
Garmin epix Pro,4.7,609.99,"Touchscreen, Time Display, Sleep Monitor, Bluetooth, Gesture Control, Activity Tracker, GPS, Notifications, Heart Rate MonitorSee more",9600.0,"Bluetooth, Wi-Fi, USB",1.0,1.4,https://m.media-amazon.com/images/I/71RRI0WgfKL.__AC_SX300_SY300_QL70_FMwebp_.jpg,Garmin
Garmin Venu 2S,4.2,249.99,GPS,6000.0,Bluetooth,1.0,1.3,https://m.media-amazon.com/images/I/61ROQjTPN2S.__AC_SX300_SY300_QL70_FMwebp_.jpg,Garmin
Garmin Edge 1040,4.6,529.99,Bluetooth,875.0,"Bluetooth, USB",1.0,3.5,https://m.media-amazon.com/images/I/618TymS1s9L.__AC_SX300_SY300_QL70_FMwebp_.jpg,Garmin
Garmin Venu Sq 2,4.5,149.99,"Body Battery™ Energy Monitoring, Health Snapshot™ Feature, Sleep Monitoring and Sleep Score, Built-In Sports Apps, Wrist-Based Heart RateSee more",210.0,"Wireless, Bluetooth, USB",1.0,1.41,https://m.media-amazon.com/images/I/61qvPURDxsL.__AC_SX300_SY300_QL70_FMwebp_.jpg,Garmin
Garmin Forerunner 265,4.7,399.99,"1.3"" Colorful AMOLED Display; Up To 20 Hours of Battery Life In GPS Mode; Advanced Training Metrics and Recovery Insights, Satiq™ and Multi-Band GPS; Touchscreen And Buttons; Music On Your WristSee more",2000.0,"Bluetooth, Wi-Fi, USB",1.0,1.3,https://m.media-amazon.com/images/I/71W+S88m5JL._AC_SY300_SX300_.jpg,Garmin
Garmin Forerunner 965,4.6,549.99,"Training Readiness; Full-Color Mapping; Triathlon and Multisport Profiles; Race Adaptive Training Plans; Daily Suggested Workouts; Training Status; Courses with Turn-By-Turn Directions; Sleep Monitoring And Sleep Score; Body Battery™ Energy Monitoring, Women's Health Tracking; Race Predictor; Wrist-Based Running Dynamics; Wrist-Based Heart Rate; Performance Condition; VO2 Max; Health Snapshot; Cross Training; Wrist-Based Running Power; Built-in Sports AppsSee more",22000.0,"Bluetooth, Wi-Fi, USB",1.0,1.4,https://m.media-amazon.com/images/I/716+0qoy3HL._AC_SY300_SX300_.jpg,Garmin
Garmin Edge 1040,4.6,529.99,Bluetooth,875.0,"Bluetooth, USB",1.0,3.5,https://m.media-amazon.com/images/I/618TymS1s9L.__AC_SX300_SY300_QL70_ML2_.jpg,Garmin
Garmin Forerunner 265,4.7,549.99,"1.3"" Colorful AMOLED Display; Up To 20 Hours of Battery Life In GPS Mode; Advanced Training Metrics and Recovery Insights, Satiq™ and Multi-Band GPS; Touchscreen And Buttons; Music On Your WristSee more",2000.0,"Bluetooth, Wi-Fi, USB",1.0,1.3,https://m.media-amazon.com/images/I/71W+S88m5JL._AC_SY300_SX300_.jpg,Garmin
Garmin 010-02638-10,4.6,349.99,"PacePro™ Feature; Grade-Adjusted Pace; VO2 Max; Performance Condition; Sync Training Plans; Built-in Sports Apps; Visual Race Predictor; Track Running; Targeted Adaptive Coaching for Cycling, Race Adaptive Training Plans; Daily Suggested Workouts; Garmin Coach; Triathlon and Multisport Profiles; Wrist-Based Running Dynamics; Wrist-Based Running Power; Endurance Score; Real-Time StaminaSee more",4.0,"Bluetooth, USB",1.0,1.3,https://m.media-amazon.com/images/I/51uTtmnkQPL.__AC_SX300_SY300_QL70_FMwebp_.jpg,Garmin
Garmin Approach R10,4.2,699.99,Bluetooth,500.0,Bluetooth,1.0,0.9,https://m.media-amazon.com/images/I/61POLvv99xS.__AC_SX300_SY300_QL70_FMwebp_.jpg,Garmin
Garmin ECHOMAP UHD2,4.7,1299.99,"Fishfinder/chartplotter, sonar, mapping",400.0,"Bluetooth, Wi‑Fi",1.0,9.0,https://m.media-amazon.com/images/I/518lKJ9TJyL.__AC_SX300_SY300_QL70_ML2_.jpg,Garmin
Garmin fēnix 8,4.6,1099.99,"Touchscreen, Multisport Tracker, Activity Tracker, GPS, Notifications",17400.0,"Bluetooth, Wi-Fi, USB",1.0,1.4,https://m.media-amazon.com/images/I/61we9NlBYlL.__AC_SX300_SY300_QL70_FMwebp_.jpg,Garmin
Garmin Instinct 3,4.5,438.99,"Multisport Tracker, Activity Tracker, Alarm Clock, GPS, Notifications",10.0,"Bluetooth, Wi-Fi, USB",1.0,1.2,https://m.media-amazon.com/images/I/61OQIbekPNL.__AC_SX300_SY300_QL70_ML2_.jpg,Garmin
Garmin vívosmart 5,3.8,149.99,Bluetooth,4.0,Bluetooth,1.0,0.84,https://m.media-amazon.com/images/I/71-iVjaYJIL.__AC_SX300_SY300_QL70_FMwebp_.jpg,Garmin
Garmin tactix 8,4.3,1609.99,"Multisport Tracker, Solar Charging, Activity Tracker, GPS, Notifications",10.0,"Bluetooth, Wi-Fi, USB",1.0,1.4,https://m.media-amazon.com/images/I/617AFPjd8lL.__AC_SX300_SY300_QL70_FMwebp_.jpg,Garmin
Garmin epix Gen 2,4.5,472.01,"Pulse Ox; Wrist-Based Heart Rate; Respiration Tracking; Health Snapshot™ Feature; Stress Tracking; Sleep Score and Advanced Sleep Monitoring; Body Battery™ Energy Monitoring; Hydration Tracking; Sports Apps; Animated Workouts; HIIT Workouts; Garmin Coach; Visual Race Predictor; PacePro™ Technology; VO2 Max, Performance Metrics; Real-Time Stamina; Daily Workout Suggestions; Recovery Time; MTB Dynamics; Backcountry Ski; XC Ski Dynamics; Surf-Ready Features; Multi-Band GNSS Support; ABC Sensors; Acclimation; ClimbPro Feature; Multi-Continent Topo Maps; Smart Notifications; Safety and Tracking FeaturesSee more",9600.0,"Bluetooth, USB",1.0,1.3,https://m.media-amazon.com/images/I/61nmm3U-yIL.__AC_SX300_SY300_QL70_FMwebp_.jpg,Garmin
Garmin Enduro 3,4.6,899.99,"Touchscreen, Multisport Tracker, Activity Tracker, GPS, Notifications",5.0,"Bluetooth, Wi-Fi, USB",1.0,1.4,https://m.media-amazon.com/images/I/71UvX-zVsAL.__AC_SX300_SY300_QL70_FMwebp_.jpg,Garmin
Garmin fēnix 7,4.6,609.99,"Touchscreen, Bluetooth",30.0,"Bluetooth, Wi-Fi, USB",1.0,1.3,https://m.media-amazon.com/images/I/71xr9LGXt+L._AC_SY300_SX300_.jpg,Garmin
Garmin tactix 8,4.3,1599.99,"Multisport Tracker, Solar Charging, Activity Tracker, GPS, Notifications",10.0,"Bluetooth, Wi-Fi, USB",1.0,1.4,https://m.media-amazon.com/images/I/617AFPjd8lL.__AC_SX300_SY300_QL70_FMwebp_.jpg,Garmin
Garmin GPSMAP 67i Rugged GPS,4.5,575.0,Bluetooth,5000.0,"Bluetooth, USB",1.0,3.0,https://m.media-amazon.com/images/I/6131zZ6y8CL.__AC_SX300_SY300_QL70_FMwebp_.jpg,Garmin
Garmin Approach Z82,4.1,599.99,"Golf rangefinder, laser, slope-adjust",225.0,"Bluetooth, Wi‑Fi",1.0,3.5,https://m.media-amazon.com/images/I/71Mt4oKwsrL.__AC_SX300_SY300_QL70_FMwebp_.jpg,Garmin
Garmin DriveSmart 55,4.4,209.95,Voice Assistant; Wireless Updates; Live Traffic and Weather; Traffic Cams And Parking; Hands-Free Calling; Smart Notifications; TripAdvisor; History Database; National Parks Directory; Garmin Real Directions™; Driver AlertsSee more,300.0,"Bluetooth, USB",1.0,5.5,https://m.media-amazon.com/images/I/61oyw3rlhCL.__AC_SX300_SY300_QL70_FMwebp_.jpg,Garmin
Garmin GPSMAP 65s,4.5,362.48,Multi-Band Frequency Support; ABC Sensors; Preloaded Topo Maps; Public Land Boundaries; Smart Notifications; GeocachingSee more,150.0,Bluetooth,1.0,2.6,https://m.media-amazon.com/images/I/71jrDWhMTGL.__AC_SX300_SY300_QL70_FMwebp_.jpg,Garmin
Garmin Approach R10,4.2,699.99,Bluetooth,500.0,Bluetooth,1.0,0.9,https://m.media-amazon.com/images/I/61POLvv99xS.__AC_SX300_SY300_QL70_ML2_.jpg,Garmin
Garmin Approach Z30,4.3,599.99,Golf rangefinder with camera; yardage,200.0,Bluetooth,1.0,3.5,https://m.media-amazon.com/images/I/7127zhnJrVL.__AC_SX300_SY300_QL70_FMwebp_.jpg,Garmin
Garmin Venu 2S,3.8,149.99,GPS,6000.0,Bluetooth,1.0,1.3,https://m.media-amazon.com/images/I/61PaG9sLyhS.__AC_SX300_SY300_QL70_FMwebp_.jpg,Garmin
Garmin zūmo XT2,4.3,499.99,Bluetooth,250.0,Bluetooth,1.0,6.0,https://m.media-amazon.com/images/I/61zrNeZiSPL.__AC_SX300_SY300_QL70_FMwebp_.jpg,Garmin
Garmin Edge 840,4.4,449.99,"Climbpro Ascent Planner, Cycling Ability and Course Demands, Inreach® Device Compatibility, Smart Notifications, Stamina Insights, Event Adaptive Training, Multi-Band GNSS, Livetrack Feature, Heat and Altitude Acclimation, MTB DynamicsSee more",875.0,"Bluetooth, Wi-Fi, USB",1.0,2.6,https://m.media-amazon.com/images/I/61OohoXpsuL.__AC_SX300_SY300_QL70_FMwebp_.jpg,Garmin
Garmin Approach R50,4.1,4999.99,"Touchscreen, Bluetooth",200.0,"Bluetooth, Wi-Fi",1.0,10.0,https://m.media-amazon.com/images/I/61vN+PjBjhL._AC_SY300_SX300_.jpg,Garmin
Garmin Forerunner 970,4.8,749.99,"Multisport Tracker, Activity Tracker, Alarm Clock, GPS, Notifications",560.0,"Bluetooth, USB",1.0,1.4,https://m.media-amazon.com/images/I/61jt0X1c0UL.__AC_SX300_SY300_QL70_FMwebp_.jpg,Garmin
Garmin Forerunner 55,4.3,149.99,Bluetooth,8400.0,Bluetooth,1.0,1.04,https://m.media-amazon.com/images/I/51zIauUO1OL.__AC_SX300_SY300_QL70_FMwebp_.jpg,Garmin
Garmin zūmo XT2,4.3,599.99,Bluetooth,250.0,Bluetooth,1.0,6.0,https://m.media-amazon.com/images/I/61zrNeZiSPL.__AC_SX300_SY300_QL70_ML2_.jpg,Garmin
Garmin vívoactive 3,4.3,129.99,GPS,4200.0,GPS,1.0,1.2,https://m.media-amazon.com/images/I/51XmQuM-fXL.__AC_SX300_SY300_QL70_FMwebp_.jpg,Garmin
Garmin Venu 2,4.4,259.99,"GPS, AMOLED Display, Music Storage, Preloaded Workouts, Garmin Coach, Rapid Recharging, Battery Saver ModeSee more",6600.0,Bluetooth,1.0,1.3,https://m.media-amazon.com/images/I/61jecdXQiWS.__AC_SX300_SY300_QL70_FMwebp_.jpg,Garmin
Garmin Forerunner 745,4.6,229.99,GPS,4200.0,USB,1.0,1.2,https://m.media-amazon.com/images/I/71mIagoJF3L.__AC_SX300_SY300_QL70_FMwebp_.jpg,Garmin
Garmin Fenix 5s Plus,4.5,289.99,GPS,5400.0,Bluetooth,1.0,1.2,https://m.media-amazon.com/images/I/5197Vs5usZL.__AC_SX300_SY300_QL70_ML2_.jpg,Garmin
Garmin Fenix 5s Plus,4.5,289.99,GPS,5400.0,Bluetooth,1.0,1.2,https://m.media-amazon.com/images/I/5197Vs5usZL.__AC_SX300_SY300_QL70_FMwebp_.jpg,Garmin
Garmin Approach R10,4.2,599.99,Bluetooth,500.0,Bluetooth,1.0,0.9,https://m.media-amazon.com/images/I/61POLvv99xS.__AC_SX300_SY300_QL70_ML2_.jpg,Garmin
Garmin Swim 2,4.4,219.0,Up to 7 Days of Battery Life; Always-On Full-Color Chroma Display; Pool and Open Water Swim Modes,4200.0,Bluetooth,1.0,1.04,https://m.media-amazon.com/images/I/71DlIDMQZDL.__AC_SX300_SY300_QL70_ML2_.jpg,Garmin
Google Pixel Watch 3,4.4,346.77,"Heart Rate Monitor, Advanced Running, Fitness Insights, Readiness, Cardio Load, Google AI for Personalized Run Recommendations, Maps Offline, Wallet Payments, Transit and Access, Assistant Screen Calls Important Info, Fast Pair Pixel Devices, Music on the with Buds, Control Camera from Watch, See Nest Cam or Doorbell FeedSee more",600.0,Wi-Fi,1.0,1.6141732283464567,https://m.media-amazon.com/images/I/614qNwigROL.__AC_SX300_SY300_QL70_FMwebp_.jpg,Google
Google Pixel Watch 2,4.2,199.99,"Accelerometer, Activity Tracker, Always On Display, Body Temperature Monitor, Calorie Tracker",300.0,LTE,1.0,1.6141732283464567,https://m.media-amazon.com/images/I/61k+83jAaWL._AC_SY300_SX300_.jpg,Google
Google Pixel Watch 3,4.4,399.99,"Sleep Monitor, Email, Accelerometer, Body Temperature Monitor, ECG, Activity Tracker, Always On Display, Calorie Tracker, Stress Tracking, Contactless Payments, Fall Detection, Heart Rate MonitorSee more",600.0,Wi-Fi,1.0,1.7716535433070868,https://m.media-amazon.com/images/I/61-JMO7a6+L._AC_SY300_SX300_.jpg,Google
Google Pixel Watch,4.3,75.99,GPS,294.0,Bluetooth,1.0,1.2,https://m.media-amazon.com/images/I/71qRyJxNa+L._AC_SY300_SX300_.jpg,Google
Google Pixel Watch,4.1,79.99,"Sleep Tracking, Activity Tracker, Heart Rate Monitor, Fitness Tracking",294.0,"Bluetooth, Gps, Lte",1.0,1.2,https://m.media-amazon.com/images/I/7112VgsodjL.__AC_SX300_SY300_QL70_FMwebp_.jpg,Google
Google Pixel Watch 41mm Smartwatch,1.0,66.4,GPS,600.0,Wi-Fi,1.0,1.6141732283464567,https://m.media-amazon.com/images/I/613nYTUEQOL.__AC_SX300_SY300_QL70_ML2_.jpg,Google
HUAWEI Watch FIT4,4.4,293.22,"Touchscreen, Lightweight, Multisport Tracker, Activity Tracker, Always On Display",400.0,Bluetooth,1.0,1.82,https://m.media-amazon.com/images/I/61jvoRsvS8L.__AC_SX300_SY300_QL70_FMwebp_.jpg,Huawei
HUAWEI Watch GT 5,4.5,440.67,Activity Tracker,550.0,Bluetooth,1.0,1.43,https://m.media-amazon.com/images/I/71KtccdvnOL.__AC_SX300_SY300_QL70_FMwebp_.jpg,Huawei
HUAWEI Watch GT 5,4.6,220.03,"Multisport Tracker, Activity Tracker, GPS, Phone Call, Notifications",524.0,Bluetooth,1.0,1.43,https://m.media-amazon.com/images/I/61nliZrLUHL.__AC_SX300_SY300_QL70_FMwebp_.jpg,Huawei
HUAWEI Watch GT 5,4.7,340.81,"Multisport Tracker, Activity Tracker, Alarm Clock, GPS, Phone Call",524.0,Bluetooth,1.0,1.8110236220472442,https://m.media-amazon.com/images/I/81+re2vkUML._AC_SY300_SX300_.jpg,Huawei
HUAWEI Watch GT 5,4.6,224.19,"Multisport Tracker, Activity Tracker, GPS, Phone Call, Notifications",524.0,Bluetooth,1.0,1.43,https://m.media-amazon.com/images/I/81NW6KAHS2L.__AC_SX300_SY300_QL70_FMwebp_.jpg,Huawei
HUAWEI Watch FIT 3,4.6,108.38,Activity Tracker,400.0,Bluetooth,1.0,1.82,https://m.media-amazon.com/images/I/51OwItmBikL.__AC_SX300_SY300_QL70_FMwebp_.jpg,Huawei
HUAWEI Watch FIT 3,4.5,117.93,Activity Tracker,400.0,Bluetooth,1.0,1.82,https://m.media-amazon.com/images/I/51-XHYBPO1L.__AC_SX300_SY300_QL70_FMwebp_.jpg,Huawei
HUAWEI Watch Ultimate Smartwatches,4.5,681.95,"Touchscreen, Activity Tracker, GPS",550.0,Bluetooth,1.0,1.5,https://m.media-amazon.com/images/I/7135Oa4I+9L._AC_SY300_SX300_.jpg,Huawei
HUAWEI Watch GT 4,4.7,188.64,"Health monitoring, 100+ sports modes, long battery",530.0,Bluetooth,1.0,1.81,https://m.media-amazon.com/images/I/717hhNCq3jL.__AC_SX300_SY300_QL70_FMwebp_.jpg,Huawei
HUAWEI Watch GT 4,4.7,224.19,"Health monitoring, 100+ sports modes, long battery",530.0,Bluetooth,1.0,1.43,https://m.media-amazon.com/images/I/71u9PXWPzFL.__AC_SX300_SY300_QL70_FMwebp_.jpg,Huawei
HUAWEI Watch GT 5,4.5,293.34,"Voice Call, Cycle Tracking, Activity Tracker, GPS, Notifications",323.0,Bluetooth,1.0,1.32,https://m.media-amazon.com/images/I/71kdyh9VEnL.__AC_SX300_SY300_QL70_FMwebp_.jpg,Huawei
HUAWEI Watch GT 5,4.7,220.03,"Multisport Tracker, Activity Tracker, Alarm Clock, GPS, Phone Call",524.0,Bluetooth,1.0,1.8110236220472442,https://m.media-amazon.com/images/I/81+re2vkUML._AC_SY300_SX300_.jpg,Huawei
HUAWEI Watch FIT 3,4.6,117.93,Activity Tracker,400.0,Bluetooth,1.0,1.82,https://m.media-amazon.com/images/I/51OwItmBikL.__AC_SX300_SY300_QL70_FMwebp_.jpg,Huawei
HUAWEI Watch FIT 3,4.5,117.91,Activity Tracker,400.0,Bluetooth,1.0,1.82,https://m.media-amazon.com/images/I/51-XHYBPO1L.__AC_SX300_SY300_QL70_FMwebp_.jpg,Huawei
HUAWEI Watch FIT4,4.4,293.17,"Touchscreen, Lightweight, Multisport Tracker, Activity Tracker, Always On Display",400.0,Bluetooth,1.0,1.82,https://m.media-amazon.com/images/I/61jvoRsvS8L.__AC_SX300_SY300_QL70_FMwebp_.jpg,Huawei
HUAWEI Watch GT 5,4.6,219.99,"Multisport Tracker, Activity Tracker, GPS, Phone Call, Notifications",524.0,Bluetooth,1.0,1.43,https://m.media-amazon.com/images/I/61nliZrLUHL.__AC_SX300_SY300_QL70_FMwebp_.jpg,Huawei
HUAWEI Watch GT 5,4.7,219.99,"Multisport Tracker, Activity Tracker, Alarm Clock, GPS, Phone Call",524.0,Bluetooth,1.0,1.8110236220472442,https://m.media-amazon.com/images/I/81+re2vkUML._AC_SY300_SX300_.jpg,Huawei
HUAWEI Watch FIT 3,4.6,108.34,Activity Tracker,400.0,Bluetooth,1.0,1.82,https://m.media-amazon.com/images/I/51OwItmBikL.__AC_SX300_SY300_QL70_FMwebp_.jpg,Huawei
HUAWEI Watch GT 4,4.7,188.64,"Health monitoring, 100+ sports modes, long battery",530.0,Bluetooth,1.0,1.81,https://m.media-amazon.com/images/I/717hhNCq3jL.__AC_SX300_SY300_QL70_ML2_.jpg,Huawei
HUAWEI Watch Ultimate Smartwatches,4.5,440.65,"Touchscreen, Activity Tracker, GPS",550.0,Bluetooth,1.0,1.5,https://m.media-amazon.com/images/I/7135Oa4I+9L._AC_SY300_SX300_.jpg,Huawei
HUAWEI Watch FIT4,4.4,285.0,"Touchscreen, Lightweight, Multisport Tracker, Activity Tracker, Always On Display",400.0,Bluetooth,1.0,1.82,https://m.media-amazon.com/images/I/61jvoRsvS8L.__AC_SX300_SY300_QL70_ML2_.jpg,Huawei
HUAWEI Watch GT 5,4.6,325.0,"Multisport Tracker, Activity Tracker, Alarm Clock, GPS, Phone Call",524.0,Bluetooth,1.0,1.8110236220472442,https://m.media-amazon.com/images/I/81+re2vkUML._AC_SY300_SX300_.jpg,Huawei
HUAWEI Watch GT 4,4.7,224.19,"Health monitoring, 100+ sports modes, long battery",530.0,Bluetooth,1.0,1.43,https://m.media-amazon.com/images/I/71u9PXWPzFL.__AC_SX300_SY300_QL70_ML2_.jpg,Huawei
Samsung Galaxy Watch 7,4.5,166.0,"Touchscreen, Lightweight",300.0,Bluetooth,1.0,1.5748031496062993,https://m.media-amazon.com/images/I/71SZNup1qrL.__AC_SX300_SY300_QL70_FMwebp_.jpg,Samsung
SAMSUNG Galaxy Watch Ultra 47mm,4.6,419.0,"Touchscreen, Lightweight",100000.0,"Cellular, Bluetooth",1.0,1.8503937007874016,https://m.media-amazon.com/images/I/81UQDoHG7pL.__AC_SX300_SY300_QL70_FMwebp_.jpg,Samsung
SAMSUNG Galaxy Watch 6,4.3,120.0,Durable,425000.0,"Bluetooth, Wi-Fi",1.0,1.5,https://m.media-amazon.com/images/I/81Dm65eja8L.__AC_SX300_SY300_QL70_FMwebp_.jpg,Samsung
Samsung Galaxy Watch 6,4.5,298.98,Durable,1000.0,"Bluetooth, Wi-Fi",1.0,1.8503937007874016,https://m.media-amazon.com/images/I/81nUrAeZruL.__AC_SX300_SY300_QL70_FMwebp_.jpg,Samsung
SAMSUNG Galaxy Watch 6,4.5,115.66,"Skin Friendly, Body Fat, Breathable",425000.0,"Bluetooth, Wi-Fi",1.0,1.5,https://m.media-amazon.com/images/I/711f6KLsMaL.__AC_SX300_SY300_QL70_FMwebp_.jpg,Samsung
Samsung Electronics Galaxy Watch 4,4.3,59.94,"Time Display, Sleep Monitor, GPS",12.0,Bluetooth WiFi + LTE,1.0,1.4,https://m.media-amazon.com/images/I/610VZ9QroVL.__AC_SX300_SY300_QL70_FMwebp_.jpg,Samsung
SAMSUNG Electronics Galaxy Watch 4,4.0,53.07,GPS,247.0,Bluetooth,1.0,1.2,https://m.media-amazon.com/images/I/41sXl2XxAvL.__AC_SX300_SY300_QL70_FMwebp_.jpg,Samsung
Samsung Electronics Galaxy Watch 4,4.1,51.95,GPS,247.0,Bluetooth,1.0,1.2,https://m.media-amazon.com/images/I/61jGJOf9KSL.__AC_SY300_SX300_QL70_FMwebp_.jpg,Samsung
Samsung Electronics Galaxy Watch 4,4.2,34.99,GPS,247.0,Bluetooth,1.0,1.2,https://m.media-amazon.com/images/I/61jGJOf9KSL.__AC_SY300_SX300_QL70_ML2_.jpg,Samsung
SAMSUNG Galaxy Watch 6,4.5,119.0,Sleep Monitor,2000.0,"Cellular, Wi-Fi",1.0,1.8503937007874016,https://m.media-amazon.com/images/I/81Dm65eja8L.__AC_SX300_SY300_QL70_FMwebp_.jpg,Samsung
SAMSUNG Galaxy Watch 5,4.4,78.99,"Sleep Monitor, Blood Pressure Monitor, Activity Tracker, Daily Workout Memory, Elevation Tracker",284.0,Bluetooth,1.0,1.4,https://m.media-amazon.com/images/I/51ertoRPQmL.__AC_SX300_SY300_QL70_FMwebp_.jpg,Samsung
SAMSUNG Galaxy Watch 5,4.4,49.99,"Sleep Monitor, Blood Pressure Monitor, Activity Tracker, Daily Workout Memory, Elevation Tracker",284.0,Bluetooth,1.0,1.4,https://m.media-amazon.com/images/I/51ertoRPQmL.__AC_SX300_SY300_QL70_ML2_.jpg,Samsung
SAMSUNG Galaxy Watch 5,4.4,91.0,GPS,24.0,Bluetooth,1.0,1.4,https://m.media-amazon.com/images/I/61s1Na3W61L.__AC_SY300_SX300_QL70_FMwebp_.jpg,Samsung
SAMSUNG Galaxy Watch 5,4.4,83.89,GPS,24.0,Bluetooth,1.0,1.4,https://m.media-amazon.com/images/I/61s1Na3W61L.__AC_SY300_SX300_QL70_FMwebp_.jpg,Samsung
Samsung Galaxy Watch 4,4.2,55.86,"1.19"" Super AMOLED, Bluetooth & Wi-Fi Connectivity, Sweat-Resistant Construction, Durable Stainless Steel ConstructionSee more",247.0,Bluetooth,1.0,1.2,https://m.media-amazon.com/images/I/610VZ9QroVL.__AC_SX300_SY300_QL70_FMwebp_.jpg,Samsung
Samsung Galaxy Watch 4,4.2,59.0,"1.19"" Super AMOLED, Bluetooth & Wi-Fi Connectivity, Sweat-Resistant Construction, Durable Stainless Steel ConstructionSee more",247.0,Bluetooth,1.0,1.2,https://m.media-amazon.com/images/I/610VZ9QroVL.__AC_SX300_SY300_QL70_FMwebp_.jpg,Samsung
SAMSUNG Galaxy FIT 3,4.3,50.95,Activity Tracker,208.0,Bluetooth,0.0,1.6,https://m.media-amazon.com/images/I/61TJB03ROCL.__AC_SX300_SY300_QL70_ML2_.jpg,Samsung
Samsung Galaxy Watch 4,4.2,54.99,"Time Display, Sleep Monitor, Text Messaging, GPS",247.0,bluetooth,1.0,1.2,https://m.media-amazon.com/images/I/61kAqcLvUIS.__AC_SY300_SX300_QL70_FMwebp_.jpg,Samsung
SAMSUNG Galaxy Watch 5,4.4,89.0,GPS,12.0,Wireless,1.0,1.7716535433070868,https://m.media-amazon.com/images/I/61TPFvgM7pL.__AC_SX300_SY300_QL70_ML2_.jpg,Samsung
SAMSUNG Galaxy Watch 5,4.4,89.0,GPS,12.0,Wireless,1.0,1.7716535433070868,https://m.media-amazon.com/images/I/61TPFvgM7pL.__AC_SX300_SY300_QL70_FMwebp_.jpg,Samsung
Samsung Galaxy Watch5,4.3,84.0,"ECG, GPS",1250.0,Bluetooth,1.0,1.4,https://m.media-amazon.com/images/I/51p8TZs04dL.__AC_SX300_SY300_QL70_FMwebp_.jpg,Samsung
Samsung Galaxy Watch5,4.3,91.0,"ECG, GPS",1250.0,Bluetooth,1.0,1.4,https://m.media-amazon.com/images/I/51p8TZs04dL.__AC_SX300_SY300_QL70_FMwebp_.jpg,Samsung
SAMSUNG Galaxy Watch 6,4.5,282.99,Sleep Monitor,2000.0,"Bluetooth, Wi-Fi",1.0,1.5748031496062993,https://m.media-amazon.com/images/I/711f6KLsMaL.__AC_SX300_SY300_QL70_FMwebp_.jpg,Samsung
SAMSUNG Galaxy Watch 6,4.5,120.0,"Skin Friendly, Body Fat, Breathable",425000.0,"Bluetooth, Wi-Fi",1.0,1.5,https://m.media-amazon.com/images/I/711f6KLsMaL.__AC_SX300_SY300_QL70_FMwebp_.jpg,Samsung
SAMSUNG Electronics Galaxy Watch 4,4.0,53.07,GPS,247.0,Bluetooth,1.0,1.2,https://m.media-amazon.com/images/I/41sXl2XxAvL.__AC_SX300_SY300_QL70_ML2_.jpg,Samsung
Samsung Galaxy Watch 4,4.2,59.94,"Time Display, Sleep Monitor, Text Messaging, GPS",247.0,bluetooth,1.0,1.2,https://m.media-amazon.com/images/I/61kAqcLvUIS.__AC_SY300_SX300_QL70_FMwebp_.jpg,Samsung
Samsung Galaxy Watch 4,4.3,44.49,"Time Display, Sleep Monitor, Text Messaging, GPS, Notifications",12.0,Wireless,1.0,1.4,https://m.media-amazon.com/images/I/610VZ9QroVL.__AC_SX300_SY300_QL70_FMwebp_.jpg,Samsung
Samsung Galaxy Watch 4,4.2,59.99,"1.19"" Super AMOLED, Bluetooth & Wi-Fi Connectivity, Sweat-Resistant Construction, Durable Stainless Steel ConstructionSee more",247.0,Bluetooth,1.0,1.2,https://m.media-amazon.com/images/I/610VZ9QroVL.__AC_SX300_SY300_QL70_ML2_.jpg,Samsung
SAMSUNG Galaxy FIT 3,4.3,51.72,Activity Tracker,208.0,Bluetooth,0.0,1.6,https://m.media-amazon.com/images/I/61TJB03ROCL.__AC_SX300_SY300_QL70_FMwebp_.jpg,Samsung
SAMSUNG Galaxy Watch 5,4.5,89.0,"Bluetooth, Activity Tracker, Sleep Monitor, GPS, Elevation Tracker, Multisport Tracker, Time Display, Wireless, Daily Workout Memory, Heart Rate Monitor, GPS, Water ResistantSee more",12.0,Bluetooth,1.0,1.4,https://m.media-amazon.com/images/I/61Sl+xoVHoL._AC_SX300_SY300_.jpg,Samsung
SAMSUNG Galaxy Watch 5,4.5,59.99,"Bluetooth, Activity Tracker, Sleep Monitor, GPS, Elevation Tracker, Multisport Tracker, Time Display, Wireless, Daily Workout Memory, Heart Rate Monitor, GPS, Water ResistantSee more",12.0,Bluetooth,1.0,1.4,https://m.media-amazon.com/images/I/61Sl+xoVHoL._AC_SX300_SY300_.jpg,Samsung
SAMSUNG Galaxy Watch 6,4.5,129.97,ECG,425.0,Bluetooth,1.0,1.5,https://m.media-amazon.com/images/I/61IBMgqxJWL.__AC_SX300_SY300_QL70_ML2_.jpg,Samsung
Samsung Galaxy Watch 4,4.4,58.8,"Time Display, Sleep Monitor, Text Messaging, ECG, GPS",247.0,"Bluetooth, Wi-Fi, GPS",1.0,1.2,https://m.media-amazon.com/images/I/51+J0VVTttL._AC_SY300_SX300_.jpg,Samsung
Samsung Galaxy Watch 4,4.4,54.99,"Time Display, Sleep Monitor, Text Messaging, ECG, GPS",247.0,"Bluetooth, Wi-Fi, GPS",1.0,1.2,https://m.media-amazon.com/images/I/51+J0VVTttL._AC_SY300_SX300_.jpg,Samsung
SAMSUNG Galaxy FIT 3,4.5,50.95,Activity Tracker,208.0,Bluetooth,0.0,1.6,https://m.media-amazon.com/images/I/512Td+jdctL._AC_SY300_SX300_.jpg,Samsung
SAMSUNG Galaxy Watch Ultra 47mm,4.6,419.0,"Touchscreen, Lightweight",100000.0,"Bluetooth, Cellular",1.0,1.8503937007874016,https://m.media-amazon.com/images/I/81UQDoHG7pL.__AC_SX300_SY300_QL70_FMwebp_.jpg,Samsung
SAMSUNG Galaxy Watch 6,4.3,104.99,Durable,425.0,"Bluetooth, Wi-Fi",1.0,1.5,https://m.media-amazon.com/images/I/81Dm65eja8L.__AC_SX300_SY300_QL70_ML2_.jpg,Samsung
Samsung Galaxy Watch 4,4.3,55.0,"Time Display, Sleep Monitor, Text Messaging, GPS, Notifications",12.0,Wireless,1.0,1.4,https://m.media-amazon.com/images/I/610VZ9QroVL.__AC_SX300_SY300_QL70_FMwebp_.jpg,Samsung
Samsung Galaxy Watch 4,4.3,55.0,"Time Display, Sleep Monitor, Text Messaging, GPS, Notifications",12.0,Wireless,1.0,1.4,https://m.media-amazon.com/images/I/610VZ9QroVL.__AC_SX300_SY300_QL70_ML2_.jpg,Samsung
SAMSUNG Electronics Galaxy Watch 4,4.0,54.99,GPS,247.0,Bluetooth,1.0,1.2,https://m.media-amazon.com/images/I/41sXl2XxAvL.__AC_SX300_SY300_QL70_FMwebp_.jpg,Samsung
SAMSUNG Galaxy Watch 5,4.4,84.0,GPS,24.0,Bluetooth,1.0,1.4,https://m.media-amazon.com/images/I/61s1Na3W61L.__AC_SY300_SX300_QL70_FMwebp_.jpg,Samsung
Samsung Galaxy Watch 4,4.3,64.68,Activity Tracker,247.0,"Bluetooth, Cellular, Wi-Fi, GPS",1.0,1.2,https://m.media-amazon.com/images/I/214Nw5NwF5L.__AC_QL70_ML2_.jpg,Samsung
Samsung Galaxy Watch 4,4.3,64.68,Activity Tracker,247.0,"Bluetooth, Cellular, Wi-Fi, GPS",1.0,1.2,https://m.media-amazon.com/images/I/214Nw5NwF5L.__AC_QL70_FMwebp_.jpg,Samsung
SAMSUNG Galaxy Watch 5,4.5,77.65,"Bluetooth, Activity Tracker, Sleep Monitor, GPS, Elevation Tracker, Multisport Tracker, Time Display, Wireless, Daily Workout Memory, Heart Rate Monitor, GPS, Water ResistantSee more",24.0,Bluetooth,1.0,1.4,https://m.media-amazon.com/images/I/61Sl+xoVHoL._AC_SX300_SY300_.jpg,Samsung
SAMSUNG Galaxy Watch 5,4.5,84.99,"Bluetooth, Activity Tracker, Sleep Monitor, GPS, Elevation Tracker, Multisport Tracker, Time Display, Wireless, Daily Workout Memory, Heart Rate Monitor, GPS, Water ResistantSee more",24.0,Bluetooth,1.0,1.4,https://m.media-amazon.com/images/I/61Sl+xoVHoL._AC_SX300_SY300_.jpg,Samsung
SAMSUNG Galaxy Watch 6,3.9,166.6,"Skin Friendly, Body Fat, Breathable",425000.0,"Bluetooth, Wi-Fi",1.0,1.5,https://m.media-amazon.com/images/I/41CNrHlrqYL._SX300_SY300_QL70_FMwebp_.jpg,Samsung
Samsung Galaxy Watch 4,4.2,55.86,"1.19"" Super AMOLED, Bluetooth & Wi-Fi Connectivity, Sweat-Resistant Construction, Durable Stainless Steel ConstructionSee more",247.0,Bluetooth,1.0,1.2,https://m.media-amazon.com/images/I/610VZ9QroVL.__AC_SX300_SY300_QL70_ML2_.jpg,Samsung
SAMSUNG Galaxy Watch 5,4.4,64.67,"Sleep Monitor, Blood Pressure Monitor, Activity Tracker, Daily Workout Memory, Elevation Tracker",284.0,Bluetooth,1.0,1.4,https://m.media-amazon.com/images/I/51ertoRPQmL.__AC_SX300_SY300_QL70_FMwebp_.jpg,Samsung
Samsung Galaxy Watch 7,4.5,191.57,"Touchscreen, Lightweight",300.0,Bluetooth,1.0,1.7480314960629921,https://m.media-amazon.com/images/I/71n+eM2sO3L._AC_SY300_SX300_.jpg,Samsung
Samsung Galaxy Watch Ultra 47mm,4.6,304.44,"Touchscreen, Lightweight",590.0,"Bluetooth, Cellular",1.0,1.8503937007874016,https://m.media-amazon.com/images/I/817QHxxq34L.__AC_SX300_SY300_QL70_FMwebp_.jpg,Samsung
Samsung Galaxy Watch Ultra 47mm,4.6,304.44,"Touchscreen, Lightweight",590.0,"Bluetooth, Cellular",1.0,1.8503937007874016,https://m.media-amazon.com/images/I/817QHxxq34L.__AC_SX300_SY300_QL70_ML2_.jpg,Samsung
SAMSUNG Electronics Galaxy Watch 4,4.0,54.99,GPS,247.0,Bluetooth,1.0,1.2,https://m.media-amazon.com/images/I/41sXl2XxAvL.__AC_SX300_SY300_QL70_ML2_.jpg,Samsung
Samsung Galaxy Watch 4,4.2,84.44,"Time Display, Sleep Monitor, Text Messaging, GPS",247.0,bluetooth,1.0,1.2,https://m.media-amazon.com/images/I/61kAqcLvUIS.__AC_SY300_SX300_QL70_ML2_.jpg,Samsung
Samsung Galaxy Watch 4,4.2,59.94,"Time Display, Sleep Monitor, Text Messaging, GPS",247.0,bluetooth,1.0,1.2,https://m.media-amazon.com/images/I/61kAqcLvUIS.__AC_SY300_SX300_QL70_ML2_.jpg,Samsung
SAMSUNG Galaxy Watch 6,3.9,123.75,"Skin Friendly, Body Fat, Breathable",425000.0,"Bluetooth, Wi-Fi",1.0,1.5,https://m.media-amazon.com/images/I/41CNrHlrqYL._SX300_SY300_QL70_FMwebp_.jpg,Samsung
Samsung Electronics Galaxy Watch 4,4.3,55.8,"Time Display, Sleep Monitor, GPS",12.0,Bluetooth WiFi + LTE,1.0,1.4,https://m.media-amazon.com/images/I/610VZ9QroVL.__AC_SX300_SY300_QL70_ML2_.jpg,Samsung
Samsung Galaxy Watch5,4.3,84.0,"ECG, GPS",1250.0,Bluetooth,1.0,1.4,https://m.media-amazon.com/images/I/51p8TZs04dL.__AC_SX300_SY300_QL70_ML2_.jpg,Samsung
Samsung Galaxy Watch 4,4.3,84.99,Activity Tracker,247.0,"Bluetooth, Cellular, Wi-Fi, GPS",1.0,1.2,https://m.media-amazon.com/images/I/214Nw5NwF5L.__AC_QL70_FMwebp_.jpg,Samsung
Samsung Electronics Galaxy Watch 4,4.1,51.95,GPS,247.0,Bluetooth,1.0,1.2,https://m.media-amazon.com/images/I/61jGJOf9KSL.__AC_SY300_SX300_QL70_ML2_.jpg,Samsung
SAMSUNG Galaxy Watch 5,4.5,89.0,"Bluetooth, Activity Tracker, Sleep Monitor, GPS, Elevation Tracker, Multisport Tracker, Time Display, Wireless, Daily Workout Memory, Heart Rate Monitor, GPS, Water ResistantSee more",284.0,Bluetooth,1.0,1.4,https://m.media-amazon.com/images/I/61Sl+xoVHoL._AC_SX300_SY300_.jpg,Samsung
SAMSUNG Galaxy Watch 5,4.5,59.99,"Bluetooth, Activity Tracker, Sleep Monitor, GPS, Elevation Tracker, Multisport Tracker, Time Display, Wireless, Daily Workout Memory, Heart Rate Monitor, GPS, Water ResistantSee more",284.0,Bluetooth,1.0,1.4,https://m.media-amazon.com/images/I/61Sl+xoVHoL._AC_SX300_SY300_.jpg,Samsung
SAMSUNG Galaxy Watch 6,3.9,123.75,"Skin Friendly, Body Fat, Breathable",425000.0,"Bluetooth, Wi-Fi",1.0,1.5,https://m.media-amazon.com/images/I/41CNrHlrqYL._SX300_SY300_QL70_ML2_.jpg,Samsung
Samsung Galaxy Watch 4,4.2,44.49,"1.19"" Super AMOLED, Bluetooth & Wi-Fi Connectivity, Sweat-Resistant Construction, Durable Stainless Steel ConstructionSee more",247.0,Bluetooth,1.0,1.2,https://m.media-amazon.com/images/I/610VZ9QroVL.__AC_SX300_SY300_QL70_FMwebp_.jpg,Samsung
SAMSUNG Galaxy Watch 6,4.5,129.97,ECG,425.0,Bluetooth,1.0,1.5,https://m.media-amazon.com/images/I/61IBMgqxJWL.__AC_SX300_SY300_QL70_FMwebp_.jpg,Samsung
SAMSUNG Galaxy Watch 7,4.4,169.0,"Touchscreen, Lightweight",300.0,Wireless,1.0,1.0,https://m.media-amazon.com/images/I/71nXGf9dD3L.__AC_SX300_SY300_QL70_FMwebp_.jpg,Samsung
SAMSUNG Galaxy Watch 7,4.4,169.0,"Touchscreen, Lightweight",300.0,Wireless,1.0,1.0,https://m.media-amazon.com/images/I/71nXGf9dD3L.__AC_SX300_SY300_QL70_ML2_.jpg,Samsung
Xiaomi Redmi Watch 5,4.5,38.0,Activity Tracker,100000.0,Bluetooth,0.0,2.0,https://m.media-amazon.com/images/I/71bUqVw+fEL._AC_SY300_SX300_.jpg,Xiaomi
Xiaomi Smart Band 9,4.4,58.99,Heart Rate Monitor,233.0,Bluetooth,1.0,1.62,https://m.media-amazon.com/images/I/51JxfghPRwL.__AC_SX300_SY300_QL70_FMwebp_.jpg,Xiaomi
Xiaomi Redmi Watch 5,4.5,38.0,Activity Tracker,100000.0,Bluetooth,0.0,2.0,https://m.media-amazon.com/images/I/61Hx8OI1SoL.__AC_SX300_SY300_QL70_FMwebp_.jpg,Xiaomi
Xiaomi Redmi Watch 5,4.4,48.5,Phone Call,470.0,Bluetooth,1.0,1.96,https://m.media-amazon.com/images/I/71qq-p26D4L.__AC_SX300_SY300_QL70_FMwebp_.jpg,Xiaomi
Xiaomi Smart Band 9,4.5,48.99,"Heart Rate Monitor, Activity Tracker",233.0,Bluetooth,0.0,1.62,https://m.media-amazon.com/images/I/61l8DivZnXL.__AC_SX300_SY300_QL70_ML2_.jpg,Xiaomi
Xiaomi Smart Band 9,4.4,78.25,GPS,233.0,Bluetooth,1.0,1.74,https://m.media-amazon.com/images/I/71L64It8hIL.__AC_SX300_SY300_QL70_FMwebp_.jpg,Xiaomi
Xiaomi Redmi Watch 5,4.3,54.99,Phone Call,470.0,Bluetooth,1.0,1.96,https://m.media-amazon.com/images/I/71oay29qeLL.__AC_SX300_SY300_QL70_FMwebp_.jpg,Xiaomi
Xiaomi Smart Band 9,4.5,49.9,GPS,500.0,Bluetooth,1.0,1.62,https://m.media-amazon.com/images/I/61bdGKuHMNL.__AC_SX300_SY300_QL70_FMwebp_.jpg,Xiaomi
Xiaomi Smart Band 9,4.5,57.99,Heart Rate Monitor,233.0,Bluetooth,0.0,1.62,https://m.media-amazon.com/images/I/61WgY4YsscL.__AC_SX300_SY300_QL70_FMwebp_.jpg,Xiaomi
Xiaomi Redmi Watch 5,4.4,139.99,"Voice Call, Lightweight, Activity Tracker, Phone Call",470.0,Bluetooth,0.0,2.07,https://m.media-amazon.com/images/I/51X9nE628cL.__AC_SX300_SY300_QL70_ML2_.jpg,Xiaomi
Xiaomi Watch 2,4.1,259.99,Bluetooth,7200.0,Bluetooth,1.0,1.43,https://m.media-amazon.com/images/I/81LQkI4eoqL.__AC_SX300_SY300_QL70_ML2_.jpg,Xiaomi
Xiaomi Redmi 5,4.6,52.24,"Multisport Tracker, Activity Tracker, Alarm Clock, Camera, Phone Call",470000.0,Bluetooth,0.0,2.0,https://m.media-amazon.com/images/I/61Mr-G86wZL.__AC_SX300_SY300_QL70_FMwebp_.jpg,Xiaomi
Xiaomi Redmi Watch 4,4.4,74.99,Heart Rate Monitor,12000.0,Bluetooth,1.0,1.97,https://m.media-amazon.com/images/I/71tozl-916L.__AC_SX300_SY300_QL70_ML2_.jpg,Xiaomi
